id;job_post_id;worker_id;status
6930;125;1033151;new_application
7082;127;1021768;new_application
7348;127;1032020;new_application
7216;127;1032457;new_application
7420;127;1032524;new_application
7297;127;1032918;new_application
7128;127;1033221;new_application
7276;127;1033357;new_application
7530;146;1032280;new_application
8315;156;352342;new_application
8042;157;1032769;new_application
8697;158;851366;new_application
8425;158;1032591;new_application
8508;159;1033357;new_application
9150;160;555492;new_application
8509;160;1033357;new_application
8660;166;1033444;new_application
9149;178;555492;new_application
11054;178;757828;new_application
11836;178;1032511;new_application
8642;182;1033357;new_application
9356;187;1005998;new_application
11155;188;757828;on_process
11838;188;1032511;new_application
9934;199;1033192;new_application
16490;200;1002340;new_application
10026;202;1033087;new_application
9164;207;1033127;new_application
11050;213;879483;new_application
11153;214;757828;new_application
16106;227;508403;new_application
13107;228;854422;new_application
11664;228;1029873;new_application
16822;230;1032435;new_application
11100;251;1033087;new_application
11378;290;802018;new_application
42229;378;555492;new_application
45096;381;555492;new_application
12512;385;1012605;new_application
13515;385;1029873;new_application
26913;427;881599;rejected
16489;467;1002340;new_application
14439;480;830134;new_application
14088;485;1029873;new_application
15457;492;740522;new_application
6905;258;1033224;new_application
6906;383;755594;on_process
6907;170;1032099;new_application
6908;315;1032932;new_application
6909;138;1033448;rejected
6910;411;1032698;new_application
6911;383;861558;new_application
6912;277;1032510;new_application
6913;501;1032990;on_process
6914;234;1033112;on_process
6915;391;779315;on_process
6916;439;1002340;on_process
6917;284;1032333;on_process
6918;314;957869;rejected
6919;152;833143;rejected
6920;178;1032217;new_application
6921;430;1032802;new_application
6922;218;1033447;new_application
6923;241;1032446;new_application
6924;250;1032072;new_application
6925;376;1033060;rejected
6926;150;920416;rejected
6927;154;1032497;rejected
6928;199;1032924;on_process
6929;441;1032463;on_process
6931;262;1032828;on_process
6932;490;818323;on_process
6933;385;1021546;on_process
6934;152;1033397;on_process
6935;476;1032674;on_process
6936;440;1030816;on_process
6937;240;1032779;new_application
6938;210;1031359;new_application
6939;457;1033348;new_application
6940;246;1033269;new_application
6941;308;1032762;new_application
6942;136;1032783;new_application
6943;252;1031266;new_application
6944;302;1032930;new_application
6945;494;1032785;new_application
6946;235;1006082;new_application
6947;276;1033013;new_application
6948;252;1032157;new_application
6949;375;764737;new_application
6950;151;1032617;new_application
6951;186;1032583;new_application
6952;252;1032102;on_process
6953;132;1032311;on_process
6954;202;1025724;on_process
6955;455;1033073;on_process
6956;368;1032853;on_process
6957;500;1032449;on_process
6958;274;1033120;on_process
6959;197;1032334;on_process
6960;270;1032949;on_process
6961;184;1032568;on_process
6962;248;802498;on_process
6963;433;1033185;on_process
6964;199;1032988;rejected
6965;262;994251;rejected
6966;175;920416;new_application
6967;270;1032296;new_application
6968;479;786088;new_application
6969;455;1032728;new_application
6970;295;1032225;new_application
6971;484;1032619;new_application
6972;293;1032996;new_application
6973;456;846508;new_application
6974;162;259271;new_application
6975;392;1031983;new_application
6976;214;1033376;new_application
6977;318;802730;new_application
6978;245;1032575;new_application
6979;219;1033188;new_application
6980;368;1032264;new_application
6981;454;1032389;new_application
6982;485;1032078;new_application
6983;381;1032260;new_application
6984;137;1033341;new_application
6985;198;1032755;new_application
6986;202;1032587;new_application
6987;136;1032173;new_application
6988;274;789228;new_application
6989;309;1032224;on_process
6990;298;1032099;on_process
6991;286;975899;on_process
6992;267;1033424;on_process
6993;288;1032981;on_process
6994;385;1033073;on_process
6995;213;1032499;on_process
6996;163;1032807;on_process
6997;457;855108;on_process
6998;191;1033255;on_process
6999;194;1032678;new_application
7000;230;899687;new_application
7001;368;989543;new_application
7002;386;1032497;new_application
7003;187;956055;new_application
7004;210;757750;new_application
7005;165;1033418;new_application
7006;310;1032003;new_application
7007;246;1033173;on_process
7008;377;1033362;on_process
7009;185;1032847;on_process
7010;374;1032663;on_process
7011;265;846508;on_process
7012;188;1032252;on_process
7013;158;1032608;on_process
7014;395;1033442;on_process
7015;411;1032779;rejected
7016;386;1032183;rejected
7017;295;1032635;rejected
7018;385;1005998;rejected
7019;410;1032745;new_application
7020;289;1033427;new_application
7021;317;1033074;new_application
7022;281;1033335;new_application
7023;172;1032256;new_application
7024;155;1032666;new_application
7025;306;1032558;new_application
7026;424;1032762;new_application
7027;229;1032747;new_application
7028;317;1032701;new_application
7029;285;1033226;new_application
7030;263;1032751;new_application
7031;322;1032630;new_application
7032;381;1032699;new_application
7033;139;1032075;new_application
7034;432;1032892;new_application
7035;182;1032231;new_application
7036;307;1033248;new_application
7037;274;1033324;new_application
7038;144;909240;new_application
7039;317;1032328;new_application
7040;237;786088;new_application
7041;287;1033080;new_application
7042;276;1032526;rejected
7043;400;1032793;rejected
7044;142;1032391;rejected
7045;429;1032459;rejected
7046;249;1032415;rejected
7047;259;1032613;rejected
7048;136;1032001;rejected
7049;221;1033079;on_process
7050;401;1033025;on_process
7051;203;1032699;on_process
7052;191;873452;on_process
7053;492;1032936;on_process
7054;269;1032109;on_process
7055;147;1032661;on_process
7056;290;856713;on_process
7057;308;1032627;new_application
7058;150;1031992;new_application
7059;433;796952;new_application
7060;481;1033184;new_application
7061;310;1032568;new_application
7062;437;1032911;new_application
7063;183;1032434;new_application
7064;213;1033346;new_application
7065;273;1032781;new_application
7066;482;1032613;new_application
7067;155;1033118;new_application
7068;426;1025477;new_application
7069;239;1032282;new_application
7070;480;1033226;new_application
7071;214;1032956;new_application
7072;315;1032699;new_application
7073;410;831891;new_application
7074;189;1032254;new_application
7075;154;932902;rejected
7076;203;1032075;rejected
7077;307;1032484;rejected
7078;162;882852;rejected
7079;427;1032391;rejected
7080;235;1030655;rejected
7081;125;1032645;rejected
7083;175;1032382;rejected
7084;248;1032331;on_process
7085;314;1033294;on_process
7086;500;1032625;on_process
7087;128;1032670;on_process
7088;253;971877;on_process
7089;173;1032975;on_process
7090;436;1033029;on_process
7091;369;1032799;on_process
7092;143;1032279;on_process
7093;210;1033129;on_process
7094;278;1032372;on_process
7095;481;1032908;on_process
7096;162;1032277;new_application
7097;215;1031946;new_application
7098;206;1033127;new_application
7099;254;1033379;new_application
7100;281;1032426;new_application
7101;245;1033279;new_application
7102;240;1032195;new_application
7103;316;1032127;new_application
7104;257;1032471;rejected
7105;247;845509;rejected
7106;258;1033362;rejected
7107;300;1033230;rejected
7108;432;982247;rejected
7109;154;1032081;rejected
7110;422;1033037;rejected
7111;182;1033118;rejected
7112;161;1032995;rejected
7113;482;802001;rejected
7114;163;845509;rejected
7115;431;1032280;rejected
7116;391;929370;rejected
7117;429;1032781;on_process
7118;301;1030816;on_process
7119;164;1032602;on_process
7120;170;1032044;on_process
7121;305;1032072;on_process
7122;126;1033106;on_process
7123;484;1033342;on_process
7124;206;1032028;on_process
7125;216;1033366;on_process
7126;243;1032924;on_process
7127;169;754048;on_process
7129;413;846943;new_application
7130;466;1032916;new_application
7131;246;1033108;new_application
7132;321;1032754;new_application
7133;242;1032559;new_application
7134;287;1033072;new_application
7135;297;1033382;new_application
7136;321;1033143;new_application
7137;153;1032792;new_application
7138;393;1033122;new_application
7139;157;1032254;new_application
7140;313;1032403;new_application
7141;195;1032133;new_application
7142;254;845509;new_application
7143;168;1033018;new_application
7144;244;1033366;new_application
7145;167;836578;new_application
7146;227;771166;new_application
7147;214;1032766;new_application
7148;292;1032792;on_process
7149;239;1032394;on_process
7150;175;1032518;on_process
7151;306;93067;on_process
7152;381;1032278;on_process
7153;436;764737;on_process
7154;245;754048;on_process
7155;467;1032378;on_process
7156;290;1032821;on_process
7157;201;1031968;on_process
7158;279;1032072;on_process
7159;177;1033118;on_process
7160;130;1032183;new_application
7161;493;1032403;new_application
7162;491;1033059;new_application
7163;460;1032410;new_application
7164;476;1033165;new_application
7165;192;1032167;new_application
7166;287;1032718;new_application
7167;482;771166;new_application
7168;146;1032708;new_application
7169;186;764328;rejected
7170;212;1033120;rejected
7171;139;1033106;rejected
7172;295;1031947;on_process
7173;225;990530;on_process
7174;237;1032980;on_process
7175;501;877423;on_process
7176;275;1032944;on_process
7177;376;1032225;on_process
7178;153;805870;on_process
7179;284;865322;on_process
7180;191;1032723;new_application
7181;303;1032990;new_application
7182;162;1031971;new_application
7183;241;882852;new_application
7184;478;1032847;new_application
7185;451;1033438;new_application
7186;317;1032793;new_application
7187;234;1033256;new_application
7188;236;1031968;new_application
7189;202;1032753;new_application
7190;149;1033210;new_application
7191;320;806697;new_application
7192;485;1033409;new_application
7193;391;1032097;new_application
7194;390;1032617;new_application
7195;184;1032280;new_application
7196;380;1032799;new_application
7197;298;1033412;new_application
7198;386;1018133;new_application
7199;174;1032033;new_application
7200;201;1015493;new_application
7201;479;1032204;new_application
7202;218;859514;new_application
7203;223;877423;new_application
7204;152;899542;new_application
7205;465;1033368;new_application
7206;164;1032452;on_process
7207;270;1033180;on_process
7208;133;1032021;on_process
7209;244;1032583;on_process
7210;322;1032255;on_process
7211;440;1032274;on_process
7212;482;1031258;on_process
7213;186;1032287;on_process
7214;164;861246;on_process
7215;370;861246;on_process
7217;225;1032173;new_application
7218;431;1033016;new_application
7219;480;1033314;new_application
7220;198;1033102;new_application
7221;501;1033079;new_application
7222;176;1030602;new_application
7223;424;1032634;new_application
7224;488;1032465;new_application
7225;156;1033425;new_application
7226;159;1032847;new_application
7227;438;996291;new_application
7228;438;1033245;new_application
7229;478;1032026;new_application
7230;412;1031944;new_application
7231;248;1032406;new_application
7232;291;1032655;new_application
7233;432;1033368;new_application
7234;171;737164;rejected
7235;313;1032225;rejected
7236;137;856232;rejected
7237;433;1032661;rejected
7238;423;822370;rejected
7239;176;1032123;on_process
7240;171;888238;on_process
7241;205;1032989;on_process
7242;458;1032743;on_process
7243;285;1028828;on_process
7244;154;1032602;on_process
7245;399;1032351;on_process
7246;275;1032671;on_process
7247;432;1033250;on_process
7248;374;1032688;on_process
7249;387;1032109;new_application
7250;134;1032821;new_application
7251;384;1032956;new_application
7252;488;1033225;new_application
7253;211;1033126;new_application
7254;456;1031973;new_application
7255;242;806697;new_application
7256;199;932902;new_application
7257;270;1031983;new_application
7258;294;1032644;new_application
7259;413;1032532;new_application
7260;272;1033303;new_application
7261;454;1032808;new_application
7262;451;1032584;new_application
7263;251;1032792;new_application
7264;226;643671;on_process
7265;443;1032237;on_process
7266;175;1032237;on_process
7267;142;1032907;on_process
7268;431;1032853;on_process
7269;158;1032425;on_process
7270;239;1032521;on_process
7271;300;1025910;on_process
7272;388;1033378;on_process
7273;297;1032650;on_process
7274;130;1030717;on_process
7275;391;1033297;on_process
7277;129;1032661;on_process
7278;217;1033174;on_process
7279;233;1032949;new_application
7280;271;1032083;new_application
7281;269;1033370;new_application
7282;283;1033105;new_application
7283;279;1033083;new_application
7284;291;1032025;new_application
7285;153;960729;rejected
7286;212;859733;rejected
7287;132;1015891;rejected
7288;500;1033149;rejected
7289;289;1033175;rejected
7290;249;1025910;rejected
7291;193;1032584;rejected
7292;197;1032026;on_process
7293;146;1033412;on_process
7294;482;1033400;on_process
7295;454;1032666;on_process
7296;262;1033307;on_process
7298;159;978140;on_process
7299;237;1032591;on_process
7300;395;1033208;on_process
7301;124;1033126;on_process
7302;314;1033106;new_application
7303;484;1032522;new_application
7304;258;1032396;new_application
7305;396;1032668;new_application
7306;156;1033446;new_application
7307;456;1032636;new_application
7308;241;1032770;new_application
7309;231;1032506;new_application
7310;298;1032602;new_application
7311;134;1032118;new_application
7312;291;1032090;new_application
7313;396;1032751;new_application
7314;320;1032793;new_application
7315;276;1032779;on_process
7316;156;956660;on_process
7317;164;1033108;on_process
7318;194;1032874;on_process
7319;218;1032334;on_process
7320;401;1032877;on_process
7321;459;1033379;on_process
7322;131;833143;on_process
7323;166;737164;on_process
7324;380;1032509;new_application
7325;127;1033389;new_application
7326;201;1033199;new_application
7327;439;736921;new_application
7328;196;1033087;new_application
7329;132;1032751;new_application
7330;301;1033102;new_application
7331;126;1032930;new_application
7332;223;1032482;new_application
7333;207;1032221;new_application
7334;400;1032708;rejected
7335;215;920416;rejected
7336;168;1032742;rejected
7337;168;1033264;rejected
7338;412;885345;rejected
7339;272;1032335;rejected
7340;207;1032458;rejected
7341;309;872675;new_application
7342;303;1032509;new_application
7343;228;1033098;new_application
7344;232;1032072;new_application
7345;269;1032679;new_application
7346;137;1032231;new_application
7347;261;1015493;new_application
7349;413;1033061;new_application
7350;492;1031969;new_application
7351;176;1032067;new_application
7352;217;888624;new_application
7353;137;1033344;new_application
7354;313;978140;new_application
7355;220;1032707;new_application
7356;394;1032287;on_process
7357;454;1032137;on_process
7358;489;796952;on_process
7359;174;1032674;on_process
7360;159;1032548;on_process
7361;279;1032595;on_process
7362;265;1032185;on_process
7363;296;1033180;on_process
7364;501;1032058;on_process
7365;309;961309;on_process
7366;201;1032058;on_process
7367;151;1032026;on_process
7368;284;1032701;on_process
7369;217;1033111;new_application
7370;301;1032066;new_application
7371;207;1032706;new_application
7372;140;860946;new_application
7373;307;1032499;new_application
7374;476;1033340;new_application
7375;274;1032671;new_application
7376;207;1032324;new_application
7377;241;1025477;new_application
7378;155;1032216;new_application
7379;486;960729;new_application
7380;229;1032021;new_application
7381;225;1032714;new_application
7382;442;1032877;new_application
7383;206;1033427;new_application
7384;274;771166;rejected
7385;490;995206;rejected
7386;156;1032101;rejected
7387;214;764328;rejected
7388;207;1032297;rejected
7389;225;259271;rejected
7390;252;1031258;rejected
7391;222;819940;new_application
7392;389;1032187;new_application
7393;246;1032833;new_application
7394;221;1032796;new_application
7395;188;1032194;new_application
7396;242;1032470;new_application
7397;191;1032907;new_application
7398;179;1033167;new_application
7399;312;1033181;new_application
7400;179;1033058;new_application
7401;491;836578;new_application
7402;286;1032506;new_application
7403;501;1004446;new_application
7404;452;1032707;new_application
7405;224;1012419;new_application
7406;226;1032924;new_application
7407;257;1032200;new_application
7408;195;1032821;new_application
7409;388;1030802;new_application
7410;458;1032666;new_application
7411;278;1033074;new_application
7412;378;1027295;new_application
7413;193;1033074;new_application
7414;174;1033353;new_application
7415;162;1032222;new_application
7416;197;1033149;new_application
7417;267;1015891;new_application
7418;191;1031947;new_application
7419;476;1032534;new_application
7421;187;1032382;new_application
7422;283;926755;new_application
7423;306;850019;new_application
7424;443;956660;new_application
7425;132;1032127;on_process
7426;477;1033140;on_process
7427;440;909450;on_process
7428;264;1032441;on_process
7429;283;1032009;on_process
7430;392;1031994;on_process
7431;423;1032869;on_process
7432;202;1033144;on_process
7433;481;1032762;on_process
7434;179;1033059;on_process
7435;400;957869;on_process
7436;202;858838;new_application
7437;266;885345;new_application
7438;476;1033072;new_application
7439;189;1032279;new_application
7440;316;1033373;new_application
7441;150;1032877;new_application
7442;179;850019;new_application
7443;430;1032526;new_application
7444;187;971610;new_application
7445;138;1033067;new_application
7446;390;1032222;new_application
7447;377;1032687;rejected
7448;249;1033404;rejected
7449;166;918439;rejected
7450;185;1032155;rejected
7451;299;555492;rejected
7452;259;1033200;rejected
7453;128;1032198;rejected
7454;322;1033438;rejected
7455;266;1033410;rejected
7456;486;1033255;rejected
7457;488;1033362;new_application
7458;467;996291;new_application
7459;456;1032465;new_application
7460;442;1032098;new_application
7461;386;860287;new_application
7462;468;1032237;new_application
7463;177;822370;new_application
7464;409;816558;new_application
7465;468;1032680;new_application
7466;489;1031473;new_application
7467;180;1032663;new_application
7468;304;352342;new_application
7469;208;1033223;new_application
7470;201;1032107;new_application
7471;163;1032595;new_application
7472;468;1032815;on_process
7473;254;1032278;on_process
7474;132;1032579;on_process
7475;233;1032745;on_process
7476;431;802498;on_process
7477;482;1032962;on_process
7478;202;1032735;on_process
7479;293;1032634;on_process
7480;153;1032668;on_process
7481;247;1032076;on_process
7482;374;1033284;on_process
7483;278;1032017;new_application
7484;434;1033342;new_application
7485;156;1032909;new_application
7486;281;1032702;new_application
7487;402;1032932;new_application
7488;294;1032336;new_application
7489;267;1032207;new_application
7490;388;1033167;new_application
7491;467;259271;new_application
7492;257;1033303;new_application
7493;181;1007584;new_application
7494;214;1032344;new_application
7495;438;1031994;new_application
7496;157;1032108;new_application
7497;161;1030508;new_application
7498;384;1033269;new_application
7499;153;1032833;new_application
7500;221;805870;new_application
7501;387;926755;new_application
7502;308;1024040;on_process
7503;138;1031124;on_process
7504;302;765736;on_process
7505;188;872675;on_process
7506;384;868823;on_process
7507;424;1032454;on_process
7508;274;1032734;on_process
7509;480;947985;on_process
7510;147;1032465;on_process
7511;288;1032939;rejected
7512;395;1033306;rejected
7513;280;1032799;rejected
7514;383;1033208;new_application
7515;219;802498;new_application
7516;246;924375;new_application
7517;492;1032887;new_application
7518;395;1033428;new_application
7519;204;1032908;new_application
7520;229;1033277;new_application
7521;175;1033418;new_application
7522;173;1033446;new_application
7523;233;1033067;new_application
7524;141;1033097;new_application
7525;238;1033064;new_application
7526;428;1033066;new_application
7527;162;1033143;new_application
7528;460;1032596;new_application
7529;176;1032625;new_application
7531;293;1031985;new_application
7532;258;1032907;new_application
7533;209;1032330;new_application
7534;260;1032091;new_application
7535;139;93067;new_application
7536;390;1033119;new_application
7537;270;1033405;new_application
7538;259;1033380;new_application
7539;493;1032669;new_application
7540;308;1027295;new_application
7541;165;1030144;new_application
7542;467;1033357;on_process
7543;151;1032454;on_process
7544;254;1033151;on_process
7545;193;1033072;on_process
7546;133;1032792;on_process
7547;139;1032924;on_process
7548;413;1033245;on_process
7549;429;1030816;on_process
7550;309;1032435;on_process
7551;175;1032133;on_process
7552;238;1032599;on_process
7553;455;1032194;on_process
7554;205;1032285;on_process
7555;426;826734;on_process
7556;177;899542;on_process
7557;421;1032675;new_application
7558;219;1032231;new_application
7559;452;873452;new_application
7560;395;1032983;new_application
7561;198;1032924;new_application
7562;228;1032457;new_application
7563;234;1033236;new_application
7564;288;1032528;new_application
7565;482;1032666;new_application
7566;480;1018133;new_application
7567;461;780404;new_application
7568;240;1032406;new_application
7569;214;1033101;new_application
7570;232;956910;new_application
7571;221;1032031;new_application
7572;182;1031978;new_application
7573;487;1030144;on_process
7574;394;1033269;on_process
7575;133;1032526;on_process
7576;432;989543;on_process
7577;304;1032254;on_process
7578;391;834123;on_process
7579;224;1033376;on_process
7580;482;1032642;on_process
7581;180;1033173;on_process
7582;163;1032910;on_process
7583;309;1030802;on_process
7584;453;1032644;on_process
7585;171;1032877;on_process
7586;421;1032783;on_process
7587;240;1032962;on_process
7588;374;1032961;rejected
7589;395;1033097;rejected
7590;233;1033096;rejected
7591;310;1032483;rejected
7592;321;798413;rejected
7593;375;1033131;rejected
7594;422;1033389;new_application
7595;293;1032200;new_application
7596;468;1032287;new_application
7597;383;1032937;new_application
7598;176;1033336;new_application
7599;378;1033061;new_application
7600;317;1032581;new_application
7601;179;860287;new_application
7602;310;1032463;new_application
7603;248;1032099;new_application
7604;414;1032857;on_process
7605;252;882852;on_process
7606;127;957869;on_process
7607;421;1033110;on_process
7608;153;1033446;on_process
7609;191;1032830;on_process
7610;500;1032714;on_process
7611;178;1025462;on_process
7612;156;1032097;on_process
7613;282;1033120;on_process
7614;318;1031950;on_process
7615;400;1032280;new_application
7616;124;1032962;new_application
7617;179;1033143;new_application
7618;490;1032822;new_application
7619;284;862089;new_application
7620;299;1033149;on_process
7621;491;1032742;on_process
7622;179;1032587;on_process
7623;238;1033132;on_process
7624;186;1032889;on_process
7625;264;1032351;on_process
7626;133;979763;on_process
7627;290;1032991;on_process
7628;258;1032874;on_process
7629;232;1033029;on_process
7630;389;801991;on_process
7631;137;899734;on_process
7632;315;1032179;on_process
7633;291;787115;new_application
7634;483;1032819;new_application
7635;144;1032261;new_application
7636;378;1032829;new_application
7637;210;1032098;new_application
7638;194;1030113;new_application
7639;150;1032596;new_application
7640;306;1032349;new_application
7641;174;765736;new_application
7642;248;1032081;new_application
7643;312;1033207;new_application
7644;144;1032198;new_application
7645;254;1032713;new_application
7646;269;785367;new_application
7647;223;1033053;new_application
7648;321;1033289;new_application
7649;138;1032968;new_application
7650;486;1032755;new_application
7651;399;1033019;new_application
7652;239;1033399;new_application
7653;423;1032532;new_application
7654;478;1032390;new_application
7655;258;1033113;new_application
7656;249;1032396;new_application
7657;170;1032505;new_application
7658;376;1032766;new_application
7659;182;1032102;rejected
7660;395;1033370;rejected
7661;130;1033219;rejected
7662;500;1033179;rejected
7663;168;1030268;rejected
7664;267;1032568;rejected
7665;184;1032815;rejected
7666;458;1033284;rejected
7667;210;1032237;on_process
7668;381;856713;on_process
7669;493;1032402;on_process
7670;158;1032418;on_process
7671;215;1032712;on_process
7672;189;1032983;on_process
7673;439;1032983;on_process
7674;368;1033366;on_process
7675;421;1032582;on_process
7676;320;1032648;on_process
7677;501;1030391;new_application
7678;288;1033045;new_application
7679;296;1033171;new_application
7680;140;1032574;new_application
7681;142;1032625;new_application
7682;392;1031946;new_application
7683;315;1033300;new_application
7684;442;960342;new_application
7685;180;935454;new_application
7686;400;1032403;new_application
7687;153;737164;new_application
7688;315;1032277;new_application
7689;205;1032846;new_application
7690;267;873452;new_application
7691;296;1032873;new_application
7692;411;1032465;new_application
7693;141;1032629;new_application
7694;413;1033179;new_application
7695;196;909450;new_application
7696;457;1032565;new_application
7697;294;1032420;new_application
7698;466;1032098;on_process
7699;313;1032394;on_process
7700;421;1032281;on_process
7701;199;1007584;on_process
7702;166;1033208;on_process
7703;318;1032045;on_process
7704;489;1032888;on_process
7705;481;1032503;on_process
7706;301;781431;on_process
7707;409;1032813;new_application
7708;268;1032260;new_application
7709;486;990530;new_application
7710;485;735795;new_application
7711;478;1027295;new_application
7712;254;1032559;new_application
7713;190;1033151;new_application
7714;205;1032648;new_application
7715;227;877423;new_application
7716;479;1033450;new_application
7717;296;868823;new_application
7718;260;1032911;new_application
7719;424;1032753;new_application
7720;235;93067;new_application
7721;241;1032158;new_application
7722;278;1031996;new_application
7723;153;1032930;on_process
7724;427;1032311;on_process
7725;258;1031985;on_process
7726;132;1032550;on_process
7727;255;1032264;on_process
7728;174;1033132;on_process
7729;241;947985;on_process
7730;316;1033053;on_process
7731;412;1032131;on_process
7732;157;1032829;on_process
7733;486;1032251;on_process
7734;254;858838;rejected
7735;272;1032237;rejected
7736;156;1033250;rejected
7737;272;1032585;rejected
7738;316;1033151;rejected
7739;424;1032815;rejected
7740;485;1032322;rejected
7741;178;1032386;rejected
7742;487;737164;new_application
7743;487;1033357;new_application
7744;166;1033272;new_application
7745;477;802001;new_application
7746;129;1033263;new_application
7747;217;1032970;new_application
7748;397;1032649;new_application
7749;431;1033321;new_application
7750;270;1031320;new_application
7751;398;1032265;new_application
7752;240;1033167;new_application
7753;241;1032195;new_application
7754;385;1032278;new_application
7755;380;961901;new_application
7756;262;1031266;new_application
7757;223;1032387;new_application
7758;432;1033351;new_application
7759;423;1031944;new_application
7760;202;1032569;new_application
7761;266;850019;new_application
7762;264;900289;new_application
7763;248;735524;new_application
7764;158;935454;new_application
7765;201;1033289;new_application
7766;436;1033399;new_application
7767;137;1032908;new_application
7768;203;1033418;new_application
7769;221;1033099;new_application
7770;244;926755;new_application
7771;374;1032787;new_application
7772;283;1032203;new_application
7773;202;1033064;new_application
7774;153;1033055;new_application
7775;289;1033307;new_application
7776;453;1021546;on_process
7777;480;1033357;on_process
7778;281;1032518;on_process
7779;190;1032520;on_process
7780;482;1032939;on_process
7781;255;1033184;on_process
7782;173;1032533;on_process
7783;306;1032608;on_process
7784;147;1033257;on_process
7785;484;1032694;new_application
7786;293;915090;new_application
7787;242;859514;new_application
7788;164;1032387;rejected
7789;410;1033279;rejected
7790;395;1032534;rejected
7791;314;1033427;rejected
7792;206;1032436;rejected
7793;426;1032546;rejected
7794;232;1032925;rejected
7795;210;743992;rejected
7796;139;1032975;rejected
7797;455;1033380;new_application
7798;197;1032167;new_application
7799;173;1032425;new_application
7800;492;1033098;new_application
7801;370;1032924;new_application
7802;288;962361;new_application
7803;234;1032274;new_application
7804;188;1032846;new_application
7805;272;1033007;new_application
7806;292;1032830;new_application
7807;223;860946;on_process
7808;217;935454;on_process
7809;289;1032091;on_process
7810;250;1032937;on_process
7811;191;1032743;on_process
7812;214;1032730;on_process
7813;148;1033450;on_process
7814;155;927508;on_process
7815;275;757828;on_process
7816;137;1031275;on_process
7817;228;1033445;on_process
7818;178;1032838;new_application
7819;164;1033298;new_application
7820;316;1031991;new_application
7821;434;1033448;new_application
7822;210;1033321;new_application
7823;148;1032973;new_application
7824;150;981564;new_application
7825;444;918439;new_application
7826;455;1032874;new_application
7827;293;1033436;new_application
7828;317;1016996;new_application
7829;441;1032216;new_application
7830;177;1032973;new_application
7831;289;1033270;new_application
7832;243;1032468;new_application
7833;150;1033201;new_application
7834;457;1032828;new_application
7835;493;1032874;new_application
7836;223;1032216;new_application
7837;136;1032306;new_application
7838;456;1033250;rejected
7839;239;1032708;rejected
7840;401;1025724;rejected
7841;146;1032011;rejected
7842;291;1032187;rejected
7843;250;836578;rejected
7844;268;1033428;rejected
7845;207;1032436;rejected
7846;483;1032627;rejected
7847;210;1032959;new_application
7848;488;909450;new_application
7849;254;1032591;new_application
7850;262;1032102;new_application
7851;388;1032869;new_application
7852;146;1033442;new_application
7853;444;1032123;new_application
7854;392;947985;new_application
7855;459;743992;new_application
7856;206;1032849;new_application
7857;192;1032599;new_application
7858;289;1032047;new_application
7859;258;1002340;new_application
7860;137;1032608;new_application
7861;193;1032276;new_application
7862;318;1033255;new_application
7863;151;259271;new_application
